File URL,File Name
https://storage.googleapis.com/test_photos_earthquake_research/DSCN3211.JPG,DSCN3211.JPG
https://storage.googleapis.com/test_photos_earthquake_research/DSCN3212.JPG,DSCN3212.JPG
https://storage.googleapis.com/test_photos_earthquake_research/DSCN3213.JPG,DSCN3213.JPG
https://storage.googleapis.com/test_photos_earthquake_research/DSCN3214.JPG,DSCN3214.JPG
https://storage.googleapis.com/test_photos_earthquake_research/DSCN3536.JPG,DSCN3536.JPG
https://storage.googleapis.com/test_photos_earthquake_research/DSCN3538.JPG,DSCN3538.JPG
https://storage.googleapis.com/test_photos_earthquake_research/DSCN3539.JPG,DSCN3539.JPG
https://storage.googleapis.com/test_photos_earthquake_research/DSCN3540.JPG,DSCN3540.JPG
https://storage.googleapis.com/test_photos_earthquake_research/DSCN3541.JPG,DSCN3541.JPG
https://storage.googleapis.com/test_photos_earthquake_research/DSCN3542.JPG,DSCN3542.JPG
https://storage.googleapis.com/test_photos_earthquake_research/DSCN3543.JPG,DSCN3543.JPG
https://storage.googleapis.com/test_photos_earthquake_research/DSCN3544.JPG,DSCN3544.JPG
https://storage.googleapis.com/test_photos_earthquake_research/DSCN3545.JPG,DSCN3545.JPG
https://storage.googleapis.com/test_photos_earthquake_research/DSCN3546.JPG,DSCN3546.JPG
https://storage.googleapis.com/test_photos_earthquake_research/DSCN3547.JPG,DSCN3547.JPG
https://storage.googleapis.com/test_photos_earthquake_research/DSCN3548.JPG,DSCN3548.JPG
https://storage.googleapis.com/test_photos_earthquake_research/DSCN3549.JPG,DSCN3549.JPG
https://storage.googleapis.com/test_photos_earthquake_research/DSCN3550.JPG,DSCN3550.JPG
https://storage.googleapis.com/test_photos_earthquake_research/DSCN3551.JPG,DSCN3551.JPG
https://storage.googleapis.com/test_photos_earthquake_research/DSCN3552.JPG,DSCN3552.JPG
https://storage.googleapis.com/test_photos_earthquake_research/DSCN3553.JPG,DSCN3553.JPG
https://storage.googleapis.com/test_photos_earthquake_research/DSCN3554.JPG,DSCN3554.JPG
https://storage.googleapis.com/test_photos_earthquake_research/DSCN3555.JPG,DSCN3555.JPG
https://storage.googleapis.com/test_photos_earthquake_research/DSCN3556.JPG,DSCN3556.JPG
https://storage.googleapis.com/test_photos_earthquake_research/DSCN3839.JPG,DSCN3839.JPG
https://storage.googleapis.com/test_photos_earthquake_research/DSCN3841.JPG,DSCN3841.JPG
https://storage.googleapis.com/test_photos_earthquake_research/DSCN3842.JPG,DSCN3842.JPG
https://storage.googleapis.com/test_photos_earthquake_research/DSCN3843.JPG,DSCN3843.JPG
https://storage.googleapis.com/test_photos_earthquake_research/DSCN3844.JPG,DSCN3844.JPG
https://storage.googleapis.com/test_photos_earthquake_research/DSCN3845.JPG,DSCN3845.JPG
https://storage.googleapis.com/test_photos_earthquake_research/DSCN3846.JPG,DSCN3846.JPG
https://storage.googleapis.com/test_photos_earthquake_research/DSCN3847.JPG,DSCN3847.JPG
https://storage.googleapis.com/test_photos_earthquake_research/DSCN3848.JPG,DSCN3848.JPG
https://storage.googleapis.com/test_photos_earthquake_research/DSCN3849.JPG,DSCN3849.JPG
https://storage.googleapis.com/test_photos_earthquake_research/DSCN3850.JPG,DSCN3850.JPG
https://storage.googleapis.com/test_photos_earthquake_research/DSCN3851.JPG,DSCN3851.JPG
https://storage.googleapis.com/test_photos_earthquake_research/DSCN3852.JPG,DSCN3852.JPG
https://storage.googleapis.com/test_photos_earthquake_research/DSCN3853.JPG,DSCN3853.JPG
https://storage.googleapis.com/test_photos_earthquake_research/DSCN3854.JPG,DSCN3854.JPG
https://storage.googleapis.com/test_photos_earthquake_research/DSCN3855.JPG,DSCN3855.JPG
https://storage.googleapis.com/test_photos_earthquake_research/DSCN3856.JPG,DSCN3856.JPG
https://storage.googleapis.com/test_photos_earthquake_research/DSCN3857.JPG,DSCN3857.JPG
https://storage.googleapis.com/test_photos_earthquake_research/DSCN3858.JPG,DSCN3858.JPG
https://storage.googleapis.com/test_photos_earthquake_research/DSCN3859.JPG,DSCN3859.JPG
https://storage.googleapis.com/test_photos_earthquake_research/DSCN3860.JPG,DSCN3860.JPG
https://storage.googleapis.com/test_photos_earthquake_research/DSCN3861.JPG,DSCN3861.JPG
https://storage.googleapis.com/test_photos_earthquake_research/DSCN3862.JPG,DSCN3862.JPG
https://storage.googleapis.com/test_photos_earthquake_research/DSCN3863.JPG,DSCN3863.JPG
https://storage.googleapis.com/test_photos_earthquake_research/DSCN3864.JPG,DSCN3864.JPG
https://storage.googleapis.com/test_photos_earthquake_research/DSCN3865.JPG,DSCN3865.JPG
https://storage.googleapis.com/test_photos_earthquake_research/DSCN3866.JPG,DSCN3866.JPG
https://storage.googleapis.com/test_photos_earthquake_research/DSCN3867.JPG,DSCN3867.JPG
https://storage.googleapis.com/test_photos_earthquake_research/DSCN3868.JPG,DSCN3868.JPG
https://storage.googleapis.com/test_photos_earthquake_research/DSCN3869.JPG,DSCN3869.JPG
https://storage.googleapis.com/test_photos_earthquake_research/DSCN3870.JPG,DSCN3870.JPG
https://storage.googleapis.com/test_photos_earthquake_research/DSCN3871.JPG,DSCN3871.JPG
https://storage.googleapis.com/test_photos_earthquake_research/DSCN3872.JPG,DSCN3872.JPG
https://storage.googleapis.com/test_photos_earthquake_research/DSCN3882.JPG,DSCN3882.JPG
https://storage.googleapis.com/test_photos_earthquake_research/DSCN3883.JPG,DSCN3883.JPG
https://storage.googleapis.com/test_photos_earthquake_research/DSCN3884.JPG,DSCN3884.JPG
https://storage.googleapis.com/test_photos_earthquake_research/DSCN3885.JPG,DSCN3885.JPG
https://storage.googleapis.com/test_photos_earthquake_research/DSCN3886.JPG,DSCN3886.JPG
https://storage.googleapis.com/test_photos_earthquake_research/DSCN3887.JPG,DSCN3887.JPG
https://storage.googleapis.com/test_photos_earthquake_research/DSCN3888.JPG,DSCN3888.JPG
https://storage.googleapis.com/test_photos_earthquake_research/DSCN3889.JPG,DSCN3889.JPG
https://storage.googleapis.com/test_photos_earthquake_research/DSCN3893.JPG,DSCN3893.JPG
https://storage.googleapis.com/test_photos_earthquake_research/DSCN3894.JPG,DSCN3894.JPG
https://storage.googleapis.com/test_photos_earthquake_research/DSCN3895.JPG,DSCN3895.JPG
https://storage.googleapis.com/test_photos_earthquake_research/DSCN3896.JPG,DSCN3896.JPG
https://storage.googleapis.com/test_photos_earthquake_research/DSCN3897.JPG,DSCN3897.JPG
https://storage.googleapis.com/test_photos_earthquake_research/DSCN3898.JPG,DSCN3898.JPG
https://storage.googleapis.com/test_photos_earthquake_research/DSCN3899.JPG,DSCN3899.JPG
https://storage.googleapis.com/test_photos_earthquake_research/DSCN3900.JPG,DSCN3900.JPG
https://storage.googleapis.com/test_photos_earthquake_research/DSCN3901.JPG,DSCN3901.JPG
https://storage.googleapis.com/test_photos_earthquake_research/DSCN3902.JPG,DSCN3902.JPG
https://storage.googleapis.com/test_photos_earthquake_research/DSCN3903.JPG,DSCN3903.JPG
https://storage.googleapis.com/test_photos_earthquake_research/DSCN3904.JPG,DSCN3904.JPG
https://storage.googleapis.com/test_photos_earthquake_research/DSCN3905.JPG,DSCN3905.JPG
https://storage.googleapis.com/test_photos_earthquake_research/DSCN3906.JPG,DSCN3906.JPG
https://storage.googleapis.com/test_photos_earthquake_research/DSCN3907.JPG,DSCN3907.JPG
https://storage.googleapis.com/test_photos_earthquake_research/DSCN3908.JPG,DSCN3908.JPG
https://storage.googleapis.com/test_photos_earthquake_research/DSCN3909.JPG,DSCN3909.JPG
https://storage.googleapis.com/test_photos_earthquake_research/DSCN3910.JPG,DSCN3910.JPG
https://storage.googleapis.com/test_photos_earthquake_research/DSCN3911.JPG,DSCN3911.JPG
https://storage.googleapis.com/test_photos_earthquake_research/DSCN3912.JPG,DSCN3912.JPG
https://storage.googleapis.com/test_photos_earthquake_research/DSCN3913.JPG,DSCN3913.JPG
https://storage.googleapis.com/test_photos_earthquake_research/DSCN3914.JPG,DSCN3914.JPG
https://storage.googleapis.com/test_photos_earthquake_research/DSCN3915.JPG,DSCN3915.JPG
https://storage.googleapis.com/test_photos_earthquake_research/DSCN3916.JPG,DSCN3916.JPG
https://storage.googleapis.com/test_photos_earthquake_research/DSCN3917.JPG,DSCN3917.JPG
https://storage.googleapis.com/test_photos_earthquake_research/DSCN3918.JPG,DSCN3918.JPG
https://storage.googleapis.com/test_photos_earthquake_research/DSCN3919.JPG,DSCN3919.JPG
https://storage.googleapis.com/test_photos_earthquake_research/DSCN3920.JPG,DSCN3920.JPG
https://storage.googleapis.com/test_photos_earthquake_research/DSCN3921.JPG,DSCN3921.JPG
https://storage.googleapis.com/test_photos_earthquake_research/DSCN3922.JPG,DSCN3922.JPG
https://storage.googleapis.com/test_photos_earthquake_research/DSCN3923.JPG,DSCN3923.JPG
https://storage.googleapis.com/test_photos_earthquake_research/DSCN3927.JPG,DSCN3927.JPG
https://storage.googleapis.com/test_photos_earthquake_research/DSCN3928.JPG,DSCN3928.JPG
https://storage.googleapis.com/test_photos_earthquake_research/DSCN3929.JPG,DSCN3929.JPG
https://storage.googleapis.com/test_photos_earthquake_research/DSCN3930.JPG,DSCN3930.JPG
https://storage.googleapis.com/test_photos_earthquake_research/DSCN3931.JPG,DSCN3931.JPG
https://storage.googleapis.com/test_photos_earthquake_research/DSCN3932.JPG,DSCN3932.JPG
https://storage.googleapis.com/test_photos_earthquake_research/DSCN3933.JPG,DSCN3933.JPG
https://storage.googleapis.com/test_photos_earthquake_research/DSCN3934.JPG,DSCN3934.JPG
https://storage.googleapis.com/test_photos_earthquake_research/DSCN3935.JPG,DSCN3935.JPG
https://storage.googleapis.com/test_photos_earthquake_research/DSCN3939.JPG,DSCN3939.JPG
https://storage.googleapis.com/test_photos_earthquake_research/DSCN3940.JPG,DSCN3940.JPG
https://storage.googleapis.com/test_photos_earthquake_research/DSCN3941.JPG,DSCN3941.JPG
https://storage.googleapis.com/test_photos_earthquake_research/DSCN3942.JPG,DSCN3942.JPG
https://storage.googleapis.com/test_photos_earthquake_research/DSCN3943.JPG,DSCN3943.JPG
https://storage.googleapis.com/test_photos_earthquake_research/DSCN3944.JPG,DSCN3944.JPG
https://storage.googleapis.com/test_photos_earthquake_research/DSCN3948.JPG,DSCN3948.JPG
https://storage.googleapis.com/test_photos_earthquake_research/DSCN3949.JPG,DSCN3949.JPG
https://storage.googleapis.com/test_photos_earthquake_research/DSCN3950.JPG,DSCN3950.JPG
https://storage.googleapis.com/test_photos_earthquake_research/DSCN3951.JPG,DSCN3951.JPG
https://storage.googleapis.com/test_photos_earthquake_research/DSCN3952.JPG,DSCN3952.JPG
https://storage.googleapis.com/test_photos_earthquake_research/DSCN3953.JPG,DSCN3953.JPG
https://storage.googleapis.com/test_photos_earthquake_research/DSCN3957.JPG,DSCN3957.JPG
https://storage.googleapis.com/test_photos_earthquake_research/DSCN3958.JPG,DSCN3958.JPG
https://storage.googleapis.com/test_photos_earthquake_research/DSCN3959.JPG,DSCN3959.JPG
https://storage.googleapis.com/test_photos_earthquake_research/DSCN3960.JPG,DSCN3960.JPG
https://storage.googleapis.com/test_photos_earthquake_research/DSCN3961.JPG,DSCN3961.JPG
https://storage.googleapis.com/test_photos_earthquake_research/DSCN3962.JPG,DSCN3962.JPG
https://storage.googleapis.com/test_photos_earthquake_research/DSCN3963.JPG,DSCN3963.JPG
https://storage.googleapis.com/test_photos_earthquake_research/DSCN3964.JPG,DSCN3964.JPG
https://storage.googleapis.com/test_photos_earthquake_research/DSCN3965.JPG,DSCN3965.JPG
https://storage.googleapis.com/test_photos_earthquake_research/DSCN3966.JPG,DSCN3966.JPG
https://storage.googleapis.com/test_photos_earthquake_research/DSCN3967.JPG,DSCN3967.JPG
https://storage.googleapis.com/test_photos_earthquake_research/DSCN3968.JPG,DSCN3968.JPG
https://storage.googleapis.com/test_photos_earthquake_research/DSCN3969.JPG,DSCN3969.JPG
https://storage.googleapis.com/test_photos_earthquake_research/DSCN3973.JPG,DSCN3973.JPG
https://storage.googleapis.com/test_photos_earthquake_research/DSCN3974.JPG,DSCN3974.JPG
https://storage.googleapis.com/test_photos_earthquake_research/DSCN3975.JPG,DSCN3975.JPG
https://storage.googleapis.com/test_photos_earthquake_research/DSCN3976.JPG,DSCN3976.JPG
https://storage.googleapis.com/test_photos_earthquake_research/DSCN3977.JPG,DSCN3977.JPG
https://storage.googleapis.com/test_photos_earthquake_research/DSCN3978.JPG,DSCN3978.JPG
https://storage.googleapis.com/test_photos_earthquake_research/DSCN3979.JPG,DSCN3979.JPG
https://storage.googleapis.com/test_photos_earthquake_research/DSCN3980.JPG,DSCN3980.JPG
https://storage.googleapis.com/test_photos_earthquake_research/DSCN3981.JPG,DSCN3981.JPG
https://storage.googleapis.com/test_photos_earthquake_research/DSCN3982.JPG,DSCN3982.JPG
https://storage.googleapis.com/test_photos_earthquake_research/DSCN3983.JPG,DSCN3983.JPG
https://storage.googleapis.com/test_photos_earthquake_research/DSCN3984.JPG,DSCN3984.JPG
https://storage.googleapis.com/test_photos_earthquake_research/DSCN3985.JPG,DSCN3985.JPG
https://storage.googleapis.com/test_photos_earthquake_research/DSCN3986.JPG,DSCN3986.JPG
https://storage.googleapis.com/test_photos_earthquake_research/DSCN3990.JPG,DSCN3990.JPG
https://storage.googleapis.com/test_photos_earthquake_research/DSCN3991.JPG,DSCN3991.JPG
https://storage.googleapis.com/test_photos_earthquake_research/DSCN3992.JPG,DSCN3992.JPG
https://storage.googleapis.com/test_photos_earthquake_research/DSCN3993.JPG,DSCN3993.JPG
https://storage.googleapis.com/test_photos_earthquake_research/DSCN3994.JPG,DSCN3994.JPG
https://storage.googleapis.com/test_photos_earthquake_research/DSCN3995.JPG,DSCN3995.JPG
https://storage.googleapis.com/test_photos_earthquake_research/DSCN3996.JPG,DSCN3996.JPG
https://storage.googleapis.com/test_photos_earthquake_research/DSCN3997.JPG,DSCN3997.JPG
https://storage.googleapis.com/test_photos_earthquake_research/DSCN3998.JPG,DSCN3998.JPG
https://storage.googleapis.com/test_photos_earthquake_research/DSCN3999.JPG,DSCN3999.JPG
https://storage.googleapis.com/test_photos_earthquake_research/DSCN4000.JPG,DSCN4000.JPG
https://storage.googleapis.com/test_photos_earthquake_research/DSCN4001.JPG,DSCN4001.JPG
https://storage.googleapis.com/test_photos_earthquake_research/DSCN4002.JPG,DSCN4002.JPG
https://storage.googleapis.com/test_photos_earthquake_research/DSCN4003.JPG,DSCN4003.JPG
https://storage.googleapis.com/test_photos_earthquake_research/DSCN4004.JPG,DSCN4004.JPG
https://storage.googleapis.com/test_photos_earthquake_research/DSCN4005.JPG,DSCN4005.JPG
https://storage.googleapis.com/test_photos_earthquake_research/DSCN4006.JPG,DSCN4006.JPG
https://storage.googleapis.com/test_photos_earthquake_research/DSCN4007.JPG,DSCN4007.JPG
https://storage.googleapis.com/test_photos_earthquake_research/DSCN4008.JPG,DSCN4008.JPG
https://storage.googleapis.com/test_photos_earthquake_research/DSCN4009.JPG,DSCN4009.JPG
https://storage.googleapis.com/test_photos_earthquake_research/DSCN4010.JPG,DSCN4010.JPG
https://storage.googleapis.com/test_photos_earthquake_research/DSCN4011.JPG,DSCN4011.JPG
https://storage.googleapis.com/test_photos_earthquake_research/DSCN4012.JPG,DSCN4012.JPG
https://storage.googleapis.com/test_photos_earthquake_research/DSCN4016.JPG,DSCN4016.JPG
https://storage.googleapis.com/test_photos_earthquake_research/DSCN4020.JPG,DSCN4020.JPG
https://storage.googleapis.com/test_photos_earthquake_research/DSCN4021.JPG,DSCN4021.JPG
https://storage.googleapis.com/test_photos_earthquake_research/DSCN4022.JPG,DSCN4022.JPG
https://storage.googleapis.com/test_photos_earthquake_research/DSCN4023.JPG,DSCN4023.JPG
https://storage.googleapis.com/test_photos_earthquake_research/DSCN4024.JPG,DSCN4024.JPG
https://storage.googleapis.com/test_photos_earthquake_research/DSCN4028.JPG,DSCN4028.JPG
https://storage.googleapis.com/test_photos_earthquake_research/DSCN4029.JPG,DSCN4029.JPG
https://storage.googleapis.com/test_photos_earthquake_research/DSCN4030.JPG,DSCN4030.JPG
https://storage.googleapis.com/test_photos_earthquake_research/DSCN4031.JPG,DSCN4031.JPG
https://storage.googleapis.com/test_photos_earthquake_research/DSCN4032.JPG,DSCN4032.JPG
https://storage.googleapis.com/test_photos_earthquake_research/DSCN4033.JPG,DSCN4033.JPG
https://storage.googleapis.com/test_photos_earthquake_research/DSCN4034.JPG,DSCN4034.JPG
https://storage.googleapis.com/test_photos_earthquake_research/DSCN4035.JPG,DSCN4035.JPG
https://storage.googleapis.com/test_photos_earthquake_research/DSCN4036.JPG,DSCN4036.JPG
https://storage.googleapis.com/test_photos_earthquake_research/DSCN4037.JPG,DSCN4037.JPG
https://storage.googleapis.com/test_photos_earthquake_research/DSCN4038.JPG,DSCN4038.JPG
https://storage.googleapis.com/test_photos_earthquake_research/DSCN4039.JPG,DSCN4039.JPG
https://storage.googleapis.com/test_photos_earthquake_research/DSCN4040.JPG,DSCN4040.JPG
https://storage.googleapis.com/test_photos_earthquake_research/DSCN4041.JPG,DSCN4041.JPG
https://storage.googleapis.com/test_photos_earthquake_research/DSCN4042.JPG,DSCN4042.JPG
https://storage.googleapis.com/test_photos_earthquake_research/DSCN4043.JPG,DSCN4043.JPG
https://storage.googleapis.com/test_photos_earthquake_research/DSCN4044.JPG,DSCN4044.JPG
https://storage.googleapis.com/test_photos_earthquake_research/DSCN4045.JPG,DSCN4045.JPG
https://storage.googleapis.com/test_photos_earthquake_research/DSCN4046.JPG,DSCN4046.JPG
https://storage.googleapis.com/test_photos_earthquake_research/DSCN4047.JPG,DSCN4047.JPG
https://storage.googleapis.com/test_photos_earthquake_research/DSCN4048.JPG,DSCN4048.JPG
https://storage.googleapis.com/test_photos_earthquake_research/DSCN4049.JPG,DSCN4049.JPG
https://storage.googleapis.com/test_photos_earthquake_research/DSCN4050.JPG,DSCN4050.JPG
https://storage.googleapis.com/test_photos_earthquake_research/DSCN4051.JPG,DSCN4051.JPG
https://storage.googleapis.com/test_photos_earthquake_research/DSCN4052.JPG,DSCN4052.JPG
https://storage.googleapis.com/test_photos_earthquake_research/DSCN4056.JPG,DSCN4056.JPG
https://storage.googleapis.com/test_photos_earthquake_research/DSCN4057.JPG,DSCN4057.JPG
https://storage.googleapis.com/test_photos_earthquake_research/DSCN4058.JPG,DSCN4058.JPG
https://storage.googleapis.com/test_photos_earthquake_research/DSCN4059.JPG,DSCN4059.JPG
https://storage.googleapis.com/test_photos_earthquake_research/DSCN4060.JPG,DSCN4060.JPG
https://storage.googleapis.com/test_photos_earthquake_research/DSCN4061.JPG,DSCN4061.JPG
https://storage.googleapis.com/test_photos_earthquake_research/DSCN4062.JPG,DSCN4062.JPG
https://storage.googleapis.com/test_photos_earthquake_research/DSCN4063.JPG,DSCN4063.JPG
https://storage.googleapis.com/test_photos_earthquake_research/DSCN4067.JPG,DSCN4067.JPG
https://storage.googleapis.com/test_photos_earthquake_research/DSCN4068.JPG,DSCN4068.JPG
https://storage.googleapis.com/test_photos_earthquake_research/DSCN4069.JPG,DSCN4069.JPG
https://storage.googleapis.com/test_photos_earthquake_research/DSCN4070.JPG,DSCN4070.JPG
https://storage.googleapis.com/test_photos_earthquake_research/DSCN4071.JPG,DSCN4071.JPG
https://storage.googleapis.com/test_photos_earthquake_research/DSCN4072.JPG,DSCN4072.JPG
https://storage.googleapis.com/test_photos_earthquake_research/DSCN4073.JPG,DSCN4073.JPG
https://storage.googleapis.com/test_photos_earthquake_research/DSCN4074.JPG,DSCN4074.JPG
https://storage.googleapis.com/test_photos_earthquake_research/DSCN4078.JPG,DSCN4078.JPG
https://storage.googleapis.com/test_photos_earthquake_research/DSCN4079.JPG,DSCN4079.JPG
https://storage.googleapis.com/test_photos_earthquake_research/DSCN4080.JPG,DSCN4080.JPG
https://storage.googleapis.com/test_photos_earthquake_research/DSCN4081.JPG,DSCN4081.JPG
https://storage.googleapis.com/test_photos_earthquake_research/DSCN4085.JPG,DSCN4085.JPG
https://storage.googleapis.com/test_photos_earthquake_research/DSCN4089.JPG,DSCN4089.JPG
https://storage.googleapis.com/test_photos_earthquake_research/DSCN4090.JPG,DSCN4090.JPG
https://storage.googleapis.com/test_photos_earthquake_research/DSCN4091.JPG,DSCN4091.JPG
https://storage.googleapis.com/test_photos_earthquake_research/DSCN4095.JPG,DSCN4095.JPG
https://storage.googleapis.com/test_photos_earthquake_research/DSCN4096.JPG,DSCN4096.JPG
https://storage.googleapis.com/test_photos_earthquake_research/DSCN4097.JPG,DSCN4097.JPG
https://storage.googleapis.com/test_photos_earthquake_research/DSCN4098.JPG,DSCN4098.JPG
https://storage.googleapis.com/test_photos_earthquake_research/DSCN4102.JPG,DSCN4102.JPG
https://storage.googleapis.com/test_photos_earthquake_research/DSCN4103.JPG,DSCN4103.JPG
https://storage.googleapis.com/test_photos_earthquake_research/DSCN4104.JPG,DSCN4104.JPG
https://storage.googleapis.com/test_photos_earthquake_research/DSCN4105.JPG,DSCN4105.JPG
https://storage.googleapis.com/test_photos_earthquake_research/DSCN4106.JPG,DSCN4106.JPG
https://storage.googleapis.com/test_photos_earthquake_research/DSCN4107.JPG,DSCN4107.JPG
https://storage.googleapis.com/test_photos_earthquake_research/DSCN4108.JPG,DSCN4108.JPG
https://storage.googleapis.com/test_photos_earthquake_research/DSCN4109.JPG,DSCN4109.JPG
https://storage.googleapis.com/test_photos_earthquake_research/DSCN4110.JPG,DSCN4110.JPG
https://storage.googleapis.com/test_photos_earthquake_research/DSCN4111.JPG,DSCN4111.JPG
https://storage.googleapis.com/test_photos_earthquake_research/DSCN4112.JPG,DSCN4112.JPG
https://storage.googleapis.com/test_photos_earthquake_research/DSCN4116.JPG,DSCN4116.JPG
https://storage.googleapis.com/test_photos_earthquake_research/DSCN4117.JPG,DSCN4117.JPG
https://storage.googleapis.com/test_photos_earthquake_research/DSCN4118.JPG,DSCN4118.JPG
https://storage.googleapis.com/test_photos_earthquake_research/DSCN4119.JPG,DSCN4119.JPG
https://storage.googleapis.com/test_photos_earthquake_research/DSCN4120.JPG,DSCN4120.JPG
https://storage.googleapis.com/test_photos_earthquake_research/DSCN4124.JPG,DSCN4124.JPG
https://storage.googleapis.com/test_photos_earthquake_research/DSCN4125.JPG,DSCN4125.JPG
https://storage.googleapis.com/test_photos_earthquake_research/DSCN4126.JPG,DSCN4126.JPG
https://storage.googleapis.com/test_photos_earthquake_research/DSCN4127.JPG,DSCN4127.JPG
https://storage.googleapis.com/test_photos_earthquake_research/DSCN4128.JPG,DSCN4128.JPG
https://storage.googleapis.com/test_photos_earthquake_research/DSCN4129.JPG,DSCN4129.JPG
https://storage.googleapis.com/test_photos_earthquake_research/DSCN4130.JPG,DSCN4130.JPG
https://storage.googleapis.com/test_photos_earthquake_research/DSCN4131.JPG,DSCN4131.JPG
https://storage.googleapis.com/test_photos_earthquake_research/DSCN4132.JPG,DSCN4132.JPG
https://storage.googleapis.com/test_photos_earthquake_research/DSCN4133.JPG,DSCN4133.JPG
https://storage.googleapis.com/test_photos_earthquake_research/DSCN4134.JPG,DSCN4134.JPG
https://storage.googleapis.com/test_photos_earthquake_research/DSCN4135.JPG,DSCN4135.JPG
https://storage.googleapis.com/test_photos_earthquake_research/DSCN4136.JPG,DSCN4136.JPG
https://storage.googleapis.com/test_photos_earthquake_research/DSCN4140.JPG,DSCN4140.JPG
https://storage.googleapis.com/test_photos_earthquake_research/DSCN4141.JPG,DSCN4141.JPG
https://storage.googleapis.com/test_photos_earthquake_research/DSCN4142.JPG,DSCN4142.JPG
https://storage.googleapis.com/test_photos_earthquake_research/DSCN4143.JPG,DSCN4143.JPG
https://storage.googleapis.com/test_photos_earthquake_research/DSCN4144.JPG,DSCN4144.JPG
https://storage.googleapis.com/test_photos_earthquake_research/DSCN4148.JPG,DSCN4148.JPG
https://storage.googleapis.com/test_photos_earthquake_research/DSCN4152.JPG,DSCN4152.JPG
https://storage.googleapis.com/test_photos_earthquake_research/DSCN4153.JPG,DSCN4153.JPG
https://storage.googleapis.com/test_photos_earthquake_research/DSCN4154.JPG,DSCN4154.JPG
https://storage.googleapis.com/test_photos_earthquake_research/DSCN4155.JPG,DSCN4155.JPG
https://storage.googleapis.com/test_photos_earthquake_research/DSCN4159.JPG,DSCN4159.JPG
https://storage.googleapis.com/test_photos_earthquake_research/DSCN4160.JPG,DSCN4160.JPG
https://storage.googleapis.com/test_photos_earthquake_research/DSCN4161.JPG,DSCN4161.JPG
https://storage.googleapis.com/test_photos_earthquake_research/DSCN4162.JPG,DSCN4162.JPG
https://storage.googleapis.com/test_photos_earthquake_research/DSCN4163.JPG,DSCN4163.JPG
https://storage.googleapis.com/test_photos_earthquake_research/DSCN4167.JPG,DSCN4167.JPG
https://storage.googleapis.com/test_photos_earthquake_research/DSCN4168.JPG,DSCN4168.JPG
https://storage.googleapis.com/test_photos_earthquake_research/DSCN4169.JPG,DSCN4169.JPG
https://storage.googleapis.com/test_photos_earthquake_research/DSCN4170.JPG,DSCN4170.JPG
https://storage.googleapis.com/test_photos_earthquake_research/DSCN4171.JPG,DSCN4171.JPG
https://storage.googleapis.com/test_photos_earthquake_research/DSCN4172.JPG,DSCN4172.JPG
https://storage.googleapis.com/test_photos_earthquake_research/DSCN4173.JPG,DSCN4173.JPG
https://storage.googleapis.com/test_photos_earthquake_research/DSCN4174.JPG,DSCN4174.JPG
https://storage.googleapis.com/test_photos_earthquake_research/DSCN4175.JPG,DSCN4175.JPG
https://storage.googleapis.com/test_photos_earthquake_research/DSCN4179.JPG,DSCN4179.JPG
https://storage.googleapis.com/test_photos_earthquake_research/DSCN4180.JPG,DSCN4180.JPG
https://storage.googleapis.com/test_photos_earthquake_research/DSCN4181.JPG,DSCN4181.JPG
https://storage.googleapis.com/test_photos_earthquake_research/DSCN4182.JPG,DSCN4182.JPG
https://storage.googleapis.com/test_photos_earthquake_research/DSCN4195.JPG,DSCN4195.JPG
https://storage.googleapis.com/test_photos_earthquake_research/DSCN4196.JPG,DSCN4196.JPG
https://storage.googleapis.com/test_photos_earthquake_research/DSCN4197.JPG,DSCN4197.JPG
https://storage.googleapis.com/test_photos_earthquake_research/DSCN4198.JPG,DSCN4198.JPG
https://storage.googleapis.com/test_photos_earthquake_research/DSCN4199.JPG,DSCN4199.JPG
https://storage.googleapis.com/test_photos_earthquake_research/DSCN4203.JPG,DSCN4203.JPG
https://storage.googleapis.com/test_photos_earthquake_research/DSCN4204.JPG,DSCN4204.JPG
https://storage.googleapis.com/test_photos_earthquake_research/DSCN4205.JPG,DSCN4205.JPG
https://storage.googleapis.com/test_photos_earthquake_research/DSCN4206.JPG,DSCN4206.JPG
https://storage.googleapis.com/test_photos_earthquake_research/DSCN4207.JPG,DSCN4207.JPG
https://storage.googleapis.com/test_photos_earthquake_research/DSCN4214.JPG,DSCN4214.JPG
https://storage.googleapis.com/test_photos_earthquake_research/DSCN4215.JPG,DSCN4215.JPG
https://storage.googleapis.com/test_photos_earthquake_research/DSCN4216.JPG,DSCN4216.JPG
https://storage.googleapis.com/test_photos_earthquake_research/DSCN4217.JPG,DSCN4217.JPG
https://storage.googleapis.com/test_photos_earthquake_research/DSCN4218.JPG,DSCN4218.JPG
https://storage.googleapis.com/test_photos_earthquake_research/DSCN4222.JPG,DSCN4222.JPG
https://storage.googleapis.com/test_photos_earthquake_research/DSCN4223.JPG,DSCN4223.JPG
https://storage.googleapis.com/test_photos_earthquake_research/DSCN4227.JPG,DSCN4227.JPG
https://storage.googleapis.com/test_photos_earthquake_research/DSCN4228.JPG,DSCN4228.JPG
https://storage.googleapis.com/test_photos_earthquake_research/DSCN4229.JPG,DSCN4229.JPG
https://storage.googleapis.com/test_photos_earthquake_research/DSCN4233.JPG,DSCN4233.JPG
https://storage.googleapis.com/test_photos_earthquake_research/DSCN4234.JPG,DSCN4234.JPG
https://storage.googleapis.com/test_photos_earthquake_research/DSCN4235.JPG,DSCN4235.JPG
https://storage.googleapis.com/test_photos_earthquake_research/DSCN4236.JPG,DSCN4236.JPG
https://storage.googleapis.com/test_photos_earthquake_research/DSCN4240.JPG,DSCN4240.JPG
https://storage.googleapis.com/test_photos_earthquake_research/DSCN4241.JPG,DSCN4241.JPG
https://storage.googleapis.com/test_photos_earthquake_research/DSCN4242.JPG,DSCN4242.JPG
https://storage.googleapis.com/test_photos_earthquake_research/DSCN4243.JPG,DSCN4243.JPG
https://storage.googleapis.com/test_photos_earthquake_research/DSCN4247.JPG,DSCN4247.JPG
https://storage.googleapis.com/test_photos_earthquake_research/DSCN4248.JPG,DSCN4248.JPG
https://storage.googleapis.com/test_photos_earthquake_research/DSCN4249.JPG,DSCN4249.JPG
https://storage.googleapis.com/test_photos_earthquake_research/DSCN4250.JPG,DSCN4250.JPG
https://storage.googleapis.com/test_photos_earthquake_research/DSCN4251.JPG,DSCN4251.JPG
https://storage.googleapis.com/test_photos_earthquake_research/DSCN4252.JPG,DSCN4252.JPG
https://storage.googleapis.com/test_photos_earthquake_research/DSCN4256.JPG,DSCN4256.JPG
https://storage.googleapis.com/test_photos_earthquake_research/DSCN4257.JPG,DSCN4257.JPG
https://storage.googleapis.com/test_photos_earthquake_research/DSCN4258.JPG,DSCN4258.JPG
https://storage.googleapis.com/test_photos_earthquake_research/DSCN4259.JPG,DSCN4259.JPG
https://storage.googleapis.com/test_photos_earthquake_research/DSCN4260.JPG,DSCN4260.JPG
https://storage.googleapis.com/test_photos_earthquake_research/DSCN4261.JPG,DSCN4261.JPG
https://storage.googleapis.com/test_photos_earthquake_research/DSCN4262.JPG,DSCN4262.JPG
https://storage.googleapis.com/test_photos_earthquake_research/DSCN4263.JPG,DSCN4263.JPG
https://storage.googleapis.com/test_photos_earthquake_research/DSCN4264.JPG,DSCN4264.JPG
https://storage.googleapis.com/test_photos_earthquake_research/DSCN4265.JPG,DSCN4265.JPG
https://storage.googleapis.com/test_photos_earthquake_research/DSCN4266.JPG,DSCN4266.JPG
https://storage.googleapis.com/test_photos_earthquake_research/DSCN4270.JPG,DSCN4270.JPG
https://storage.googleapis.com/test_photos_earthquake_research/DSCN4271.JPG,DSCN4271.JPG
https://storage.googleapis.com/test_photos_earthquake_research/DSCN4272.JPG,DSCN4272.JPG
https://storage.googleapis.com/test_photos_earthquake_research/DSCN4273.JPG,DSCN4273.JPG
https://storage.googleapis.com/test_photos_earthquake_research/DSCN4277.JPG,DSCN4277.JPG
https://storage.googleapis.com/test_photos_earthquake_research/DSCN4278.JPG,DSCN4278.JPG
https://storage.googleapis.com/test_photos_earthquake_research/DSCN4279.JPG,DSCN4279.JPG
https://storage.googleapis.com/test_photos_earthquake_research/DSCN4280.JPG,DSCN4280.JPG
https://storage.googleapis.com/test_photos_earthquake_research/DSCN4284.JPG,DSCN4284.JPG
https://storage.googleapis.com/test_photos_earthquake_research/DSCN4285.JPG,DSCN4285.JPG
https://storage.googleapis.com/test_photos_earthquake_research/DSCN4286.JPG,DSCN4286.JPG
https://storage.googleapis.com/test_photos_earthquake_research/DSCN4287.JPG,DSCN4287.JPG
https://storage.googleapis.com/test_photos_earthquake_research/DSCN4288.JPG,DSCN4288.JPG
https://storage.googleapis.com/test_photos_earthquake_research/DSCN4289.JPG,DSCN4289.JPG
https://storage.googleapis.com/test_photos_earthquake_research/DSCN4293.JPG,DSCN4293.JPG
https://storage.googleapis.com/test_photos_earthquake_research/DSCN4294.JPG,DSCN4294.JPG
https://storage.googleapis.com/test_photos_earthquake_research/DSCN4295.JPG,DSCN4295.JPG
